{
  "accuracy": 0.9666666666666667,
  "f1_weighted": 0.9665831244778613,
  "model_path": "models/iris_model_20260401_164134.pkl"
}